{"pv_p": [[0.0, 0.0, 0.0, 0.0, 0.0, 0.0, 0.0, 0.013328643515706062, 0.11376546323299408, 0.26660025119781494, 0.332952082157135, 0.4676694869995117, 0.7456763386726379, 0.6865502595901489, 0.6452491879463196, 0.501756489276886, 0.590351939201355, 0.3425199091434479, 0.25532567501068115, 0.07141470164060593, 0.002570472890511155, 0.0, 0.0, 0.0], [0.0, 0.0, 0.0, 0.0, 0.0, 0.0, 0.0, 0.0, 0.012626320123672485, 0.20679223537445068, 0.47855764627456665, 0.6942153573036194, 0.8192276954650879, 0.8817402720451355, 0.8724876642227173, 0.800111711025238, 0.6508833169937134, 0.4396441578865051, 0.17677955329418182, 0.007990691810846329, 0.0, 0.0, 0.0, 0.0], [0.0, 0.0, 0.0, 0.0, 0.0, 0.0, 0.0, 0.0, 0.0, 0.02312803454697132, 0.28839272260665894, 0.6223748326301575, 0.7729989290237427, 0.8276639580726624, 0.8190144300460815, 0.7215994596481323, 0.5356506705284119, 0.1749991923570633, 0.005081500392407179, 0.0, 0.0, 0.0, 0.0, 0.0], [0.0, 0.0, 0.0, 0.0, 0.0, 0.0, 0.011641614139080048, 0.04986897483468056, 0.15035001933574677, 0.29005488753318787, 0.46650436520576477, 0.5072524547576904, 0.5300210118293762, 0.5435552597045898, 0.5480039119720459, 0.7424947619438171, 0.2517898678779602, 0.1377713978290558, 0.07719437777996063, 0.04361819848418236, 0.01644798368215561, 3.4736120824163663e-07, 0.0, 0.0]], "pv_q": [[1.0, 1.0, 1.0, 1.0, 1.0, 1.0, 1.0, 0.9999111696856032, 0.993507634281379, 0.9638071934060577, 0.9429437475200885, 0.883903417195348, 0.6663083354902364, 0.7270823481949614, 0.7639721758379785, 0.865008916409845, 0.807145952031725, 0.9395105703718103, 0.9668551079041472, 0.9974467105512872, 0.9999966963291025, 1.0, 1.0, 1.0], [1.0, 1.0, 1.0, 1.0, 1.0, 1.0, 1.0, 1.0, 0.9999202848428141, 0.9783848789657564, 0.8780561366975045, 0.7197673496928074, 0.5734683801073615, 0.47173519335933634, 0.48863613842939096, 0.5998510230717841, 0.7591777839605564, 0.8981720405558535, 0.9842504709356809, 0.9999680739125545, 1.0, 1.0, 1.0, 1.0], [1.0, 1.0, 1.0, 1.0, 1.0, 1.0, 1.0, 1.0, 1.0, 0.9997325112338771, 0.957512212740662, 0.7827193415960688, 0.6344073263512543, 0.5612239949498722, 0.5737729196958429, 0.6923107826948266, 0.8444396717128244, 0.984568576928177, 0.9999870890935353, 1.0, 1.0, 1.0, 1.0, 1.0], [1.0, 1.0, 1.0, 1.0, 1.0, 1.0, 0.9999322341140108, 0.9987557686186038, 0.9886328295609754, 0.9570100115558404, 0.8845188959225045, 0.8617975093618554, 0.8479845087142596, 0.8393733851198023, 0.8364757692027511, 0.6698518705549715, 0.967781929173096, 0.9904640538354877, 0.9970160620768177, 0.9990482734888212, 0.9998647227664308, 0.9999999999999396, 1.0, 1.0]]}